{
  "services": [{
    "bindable": true,
    "description": "Cassandra service for application development and testing",
    "id": "0A789746-596F-4CEA-BFAC-A0795DA056E3",
    "name": "p-cassandra",
    "plan_updateable": true,
    "plans": [{
      "description": "The default Cassandra plan",
      "id": "plan-id",
      "name": "default",
      "metadata": {
        "displayName": "Cassandra"
      },
      "maintenance_info": {
        "public": {
          "name": "foo"
        }
      },
      "schemas": {
        "service_instance": {
          "create": {
            "parameters": {
              "$schema": "http://json-schema.org/draft-04/schema#",
              "type": "object",
              "properties": {
                "billing-account": {
                  "description": "Billing account number used to charge use of shared fake server.",
                  "type": "string"
                }
              }
            }
          },
          "update": {
            "parameters": {
              "$schema": "http://json-schema.org/draft-04/schema#",
              "type": "object",
              "properties": {
                "billing-account": {
                  "description": "Billing account number used to charge use of shared fake server.",
                  "type": "string"
                }
              }
            }
          }
        },
        "service_binding": {
          "create": {
            "parameters": {
              "$schema": "http://json-schema.org/draft-04/schema#",
              "type": "object",
              "properties": {
                "billing-account": {
                  "description": "Billing account number used to charge use of shared fake server.",
                  "type": "string"
                }
              }
            }
          }
        }
      }
    }],
    "metadata": {
      "displayName": "Cassandra",
      "longDescription": "Long description",
      "documentationUrl": "http://thedocs.com",
      "supportUrl": "http://helpme.no"
    },
    "tags": [
      "pivotal",
      "cassandra"
    ]
  }]
}
